id,title,image,price,inStock,category,isNew
13019614,Nike Air Force 1 '07,https://static.nike.com/a/images/t_default/a42a5d53-2f99-4e78-a081-9d07a2d0774a/air-force-1-07-mens-shoes-jBrhbr.png,110.0,True,Men's Shoes,False
13124718,Nike Air Force 1 '07,https://static.nike.com/a/images/t_default/e777c881-5b62-4250-92a6-362967f54cca/air-force-1-07-womens-shoes-b19lqD.png,110.0,True,Women's Shoes,False
1010052608,Nike Air Force 1 Shadow,https://static.nike.com/a/images/t_default/7796e97b-30b4-4208-96fa-b4eb9747776a/air-force-1-shadow-womens-shoes-kTgn9J.png,130.0,True,Women's Shoes,False
14234741,Nike Air Force 1 '07 Next Nature,https://static.nike.com/a/images/t_default/1aeb9850-aa34-4fa9-8ba0-9f875a1c36ca/air-force-1-07-next-nature-womens-shoes-fvxZ0g.png,80.97,True,Women's Shoes,False
13130491,Nike Air Force 1 LE,https://static.nike.com/a/images/t_default/d9f1d9ee-a848-4a36-aab9-48b241078ebb/air-force-1-le-big-kids-shoes-3JNSvS.png,90.0,True,Big Kids' Shoes,False
1010068593,Nike Air Force 1 '07,https://static.nike.com/a/images/t_default/901bbbbc-5aed-4078-9a39-d129f1ee124b/air-force-1-07-mens-shoes-rXkGJX.png,110.0,True,Men's Shoes,False
1008597348,Nike Air Force 1 '07,https://static.nike.com/a/images/t_default/0d9d86e4-11b5-43ae-8462-c7bd05096ec8/air-force-1-07-womens-shoes-PqdxJw.png,110.0,True,Women's Shoes,False
14244259,Nike Air Force 1 '07 Fresh,https://static.nike.com/a/images/t_default/351a4358-8bf2-4c76-b50a-5de70495375d/air-force-1-07-fresh-mens-shoes-QTWGkm.png,112.97,True,Men's Shoes,False
13027510,Nike Air Force 1,https://static.nike.com/a/images/t_default/1aa3abc4-692e-466b-b985-570a178f25ef/air-force-1-big-kids-shoes-M7mcL9.png,90.0,True,Big Kids' Shoes,False
14244101,Nike Air Force 1 '07,https://static.nike.com/a/images/t_default/5ad0e77c-5992-418a-b8f8-7c2cc8dc2a2c/air-force-1-07-mens-shoes-vRgTMx.png,77.97,True,Men's Shoes,False
14159093,Nike Air Force 1 '07 Mid,https://static.nike.com/a/images/t_default/e13d1a8e-0809-4b6e-bb42-149c66ddda2e/air-force-1-07-mid-womens-shoes-2NP34w.png,65.97,True,Women's Shoes,False
14234555,Nike Air Force 1 High,https://static.nike.com/a/images/t_default/da1f536b-0d25-4da0-b841-7c19c5be94c2/air-force-1-high-womens-shoes-vBhHD4.png,62.97,True,Women's Shoes,False
1003839121,Nike Air Force 1 '07 SE,https://static.nike.com/a/images/t_default/d8163d74-4903-4892-a5c7-f4b8fd1a9c89/air-force-1-07-se-womens-shoes-58VkQV.png,120.0,True,Women's Shoes,False
1007832680,Nike Air Force 1 '07 LV8,https://static.nike.com/a/images/t_default/fc01e3ac-b2d0-4543-b254-6ea989731c1b/air-force-1-07-lv8-mens-shoes-ZvGj5Q.png,111.97,True,Men's Shoes,False
1010165765,Nike Air Force 1,https://static.nike.com/a/images/t_default/2594670a-120c-4ea6-8288-7b5f5b87623e/air-force-1-big-kids-shoes-km6NJj.png,74.97,True,Big Kids' Shoes,False
1000197441,Nike Air Force 1 '07 LV8,https://static.nike.com/a/images/t_default/65dd8d75-6e25-4370-a6ae-a4f23e475cb5/air-force-1-07-lv8-mens-shoes-qBw7N1.png,103.97,True,Men's Shoes,False
1000197004,Nike Air Force 1 '07 LX,https://static.nike.com/a/images/t_default/abbbec14-4ef1-4cf9-9fc8-bbe1cfa9a00f/air-force-1-07-lx-mens-shoes-7Xt6gz.png,97.97,True,Men's Shoes,False
1010123523,Nike Air Force 1 PLT.AF.ORM,https://static.nike.com/a/images/t_default/66543e62-d746-4b3c-9813-7426da4880a1/air-force-1-pltaform-womens-shoes-XL2m2Q.png,90.97,True,Women's Shoes,False
1007841168,Nike Air Force 1 '07 EasyOn,https://static.nike.com/a/images/t_default/f8dfa191-60b3-44c1-b730-b25e0a908c35/air-force-1-07-easyon-shoes-vpmlK3.png,110.0,True,Shoes,False
13722325,Nike Air Force 1 Luxe,https://static.nike.com/a/images/t_default/c6d55fea-37cf-4dd8-bbca-55e22809bcd4/air-force-1-luxe-mens-shoes-7Fvcvq.png,112.97,True,Men's Shoes,False
12723224,Nike Air Force 1 '07 WB,https://static.nike.com/a/images/t_default/zjrheo7cjgrv6opt8txu/air-force-1-07-wb-mens-shoes-txRBM6.png,119.97,True,Men's Shoes,False
13071860,Nike Air Force 1 Mid '07,https://static.nike.com/a/images/t_default/0447d3b3-28d3-4ba3-a6d6-deb0b21558af/air-force-1-mid-07-mens-shoes-S1QClz.png,120.0,True,Men's Shoes,False
1009406297,Nike Air Force 1 Low By Gemini,https://static.nike.com/a/images/t_default/e619a2e8-9ae5-48bc-b37e-ce83b265bac6/hispl-quxm-tvxus.png,130.0,True,Custom Shoes,False
1009406297,Nike Air Force 1 Low By You,https://static.nike.com/a/images/t_default/7107b5de-78e1-43f8-899e-232a88c8bd53/hispl-quxm-tvxus.png,130.0,True,Custom Women's Shoes,False
1011845689,Nike Air Force 1 '07,https://static.nike.com/a/images/t_default/fa6677c9-6db3-43c6-9e16-74305ea5a691/air-force-1-07-mens-shoes-gtJkpn.png,110.0,True,Men's Shoes,False
1010242280,Nike Air Force 1 Low,https://static.nike.com/a/images/t_default/bde46d4f-fad2-4409-ab67-8d7a73e80cf7/air-force-1-low-mens-shoes-rjk6kq.png,140.0,True,Men's Shoes,False
14217977,Nike Air Force 1 '07,https://static.nike.com/a/images/t_default/b7cf5b56-f924-488a-9fb0-65efcca79cc4/air-force-1-07-mens-shoes-5xqQ6q.png,110.0,True,Men's Shoes,False
13935884,Nike Air Force 1 React,https://static.nike.com/a/images/t_default/1c67261f-7263-4fdc-8bef-39c928807fe2/air-force-1-react-mens-shoes-WSjfs8.png,140.0,True,Men's Shoes,False
1003839172,Nike Air Force 1 Premium,https://static.nike.com/a/images/t_default/e998232a-c620-4b84-b294-fa40cc23ecac/air-force-1-premium-womens-shoes-DxRG97.png,130.0,True,Women's Shoes,False
14114148,Nike Air Force 1 Fontanka,https://static.nike.com/a/images/t_default/5aeaa85e-531f-41a0-a42b-e94508213c7e/air-force-1-fontanka-womens-shoes-cWbdwn.png,84.97,True,Women's Shoes,False
14085490,Nike Air Force 1 '07 SE,https://static.nike.com/a/images/t_default/a26e0cc6-216e-4f1f-b591-fe6da5eba827/air-force-1-07-se-womens-shoes-BqXrqR.png,72.97,True,Women's Shoes,False
14253934,Nike Air Force 1 '07 EasyOn,https://static.nike.com/a/images/t_default/f153b4e4-9069-44ae-bf86-f70ae8ecbaa1/air-force-1-07-easyon-womens-shoes-q2Nz01.png,110.0,True,Women's Shoes,False
14262477,Nike Air Force 1 '07 LX,https://static.nike.com/a/images/t_default/d92ecc39-44b3-44c4-8666-0e4cf276eaa6/air-force-1-07-lx-mens-shoes-D2ZCMj.png,70.97,True,Men's Shoes,False
12898968,Nike Air Force 1 '07 LV8 1,https://static.nike.com/a/images/t_default/fdeb34c8-a6bf-4530-9145-b6cfea5dd963/air-force-1-07-lv8-1-mens-shoes-x0bMdL.png,130.0,False,Men's Shoes,False
1007486158,Nike Air Force 1,https://static.nike.com/a/images/t_default/599babb4-1dfe-4b90-be4d-e4f27b44e88c/air-force-1-big-kids-shoes-k4BQ8C.png,90.0,True,Big Kids' Shoes,False
13071867,Nike Air Force 1 High '07,https://static.nike.com/a/images/t_default/6a91c26b-7471-459d-91c5-30665fdc144c/air-force-1-high-07-mens-shoes-CGjvNW.png,125.0,True,Men's Shoes,False
13130559,Nike Force 1 LE,https://static.nike.com/a/images/t_default/8d2c081b-ac13-44d4-9ca3-1a70ee605634/force-1-le-little-kids-shoes-d0vJBr.png,70.0,True,Little Kids' Shoes,False
14084278,Nike Air Force 1 '07 SE,https://static.nike.com/a/images/t_default/11074e1b-e2be-413d-947f-86e3eb77f03f/air-force-1-07-se-womens-shoes-dxBKk9.png,93.97,True,Women's Shoes,False
13153255,Nike Air Force 1 '07,https://static.nike.com/a/images/t_default/3c9839ad-9907-477e-8d9e-4347d155c726/air-force-1-07-mens-shoes-PN6jnS.png,110.0,True,Men's Shoes,False
1011815359,Nike Air Force 1 '07 LV8,https://static.nike.com/a/images/t_default/b0dd55f2-4ff1-4388-a4f3-4e884a0721f8/air-force-1-07-lv8-mens-shoes-9WB5bx.png,130.0,True,Men's Shoes,False
1000197001,Nike Air Force 1 '07 LV8 EMB,https://static.nike.com/a/images/t_default/cfc67fd4-38c0-4c45-87e0-80a0d985fd05/air-force-1-07-lv8-emb-shoes-s8hCLW.png,103.97,True,Shoes,False
1000197443,Nike Air Force 1 '07,https://static.nike.com/a/images/t_default/b6a095e1-d80b-4a28-b0d4-fdc3c098c95c/air-force-1-07-mens-shoes-6HPpcT.png,93.97,True,Men's Shoes,False
13019620,Nike Air Force 1 '07 High,https://static.nike.com/a/images/t_default/bc061476-e39b-4cf0-a8f4-ef367f8c7ac4/air-force-1-07-high-mens-shoes-XTJLXX.png,125.0,True,Men's Shoes,False
13229611,Nike Force 1,https://static.nike.com/a/images/t_default/8c323a4b-dd6b-495a-849f-06a7b349d27a/force-1-little-kids-shoes-xrmQ0W.png,70.0,True,Little Kids' Shoes,False
1010123176,Nike Air Force 1 LV8,https://static.nike.com/a/images/t_default/edc253c4-28e6-4511-ba7d-650329c4fcec/air-force-1-lv8-big-kids-shoes-1lGPrs.png,70.97,True,Big Kids' Shoes,False
1010068354,Nike Air Force 1 '07 LV8,https://static.nike.com/a/images/t_default/ca25d17d-7256-4742-9145-a53c90671d35/air-force-1-07-lv8-mens-shoes-qvL1qB.png,130.0,True,Men's Shoes,False
1007489828,Nike Air Force 1 LV8,https://static.nike.com/a/images/t_default/14068171-716b-43d1-8893-e550cfd3e31a/air-force-1-lv8-big-kids-shoes-wLmrNN.png,52.97,True,Big Kids' Shoes,False
1011847360,Nike Air Force 1 Mid By You,https://static.nike.com/a/images/t_default/fdded470-0ac5-4bd7-b41b-1bb63e161438/custom-nike-air-force-1-mid-by-you-shoes.png,140.0,True,Men's Custom Shoes,False
14084299,Nike Air Force 1 '07 LV8,https://static.nike.com/a/images/t_default/c8da9d90-3914-4063-871f-a784a76d041b/air-force-1-07-lv8-mens-shoes-W1vVxF.png,91.97,True,Men's Shoes,False
1007401372,Nike Air Force 1 Unity,https://static.nike.com/a/images/t_default/93b7f47c-b09d-4092-8d97-f7f6a0323662/air-force-1-unity-big-kids-shoes-3BPWF0.png,70.97,True,Big Kids' Shoes,False
1007400965,Nike Air Force 1 Mid LE,https://static.nike.com/a/images/t_default/e394f383-18e0-4d24-8562-92844c225480/air-force-1-mid-le-big-kids-shoes-W0dKGw.png,70.97,True,Big Kids' Shoes,False
1010167390,Nike Force 1 Low,https://static.nike.com/a/images/t_default/53fc0889-b9e6-45cc-b0c1-ee580a8d3435/force-1-low-little-kids-shoes-3g5plb.png,70.0,True,Little Kids' Shoes,False
14244676,Nike Air Force 1 High '07 LV8 EMB,https://static.nike.com/a/images/t_default/ca99d983-209d-4cee-9cde-d251ee32584d/air-force-1-high-07-lv8-emb-mens-shoes-g2WGZn.png,89.97,True,Men's Shoes,False
1010169662,Nike Air Force 1 LV8 2,https://static.nike.com/a/images/t_default/f0205256-81ff-4418-824a-8d1b9ed49d18/air-force-1-lv8-2-big-kids-shoes-1JQL4Z.png,62.97,True,Big Kids' Shoes,False
13229774,Nike Force 1,https://static.nike.com/a/images/t_default/a079829d-6da2-4272-9932-59e2405c1aca/force-1-baby-toddler-shoes-kJpxBC.png,55.0,True,Baby/Toddler Shoes,False
1007401365,Nike Force 1,https://static.nike.com/a/images/t_default/2f9a2292-39e2-4ee3-9959-74301284ffaa/force-1-baby-toddler-shoes-qdLCl9.png,43.97,True,Baby/Toddler Shoes,False
14266247,Nike Force 1 LV8,https://static.nike.com/a/images/t_default/65d7bc89-c8a2-4851-9496-c45709a7b29e/force-1-lv8-baby-toddler-shoes-mZ1d6G.png,30.97,True,Baby/Toddler Shoes,False
1010246471,Nike Force 1 Mid LE,https://static.nike.com/a/images/t_default/15413e40-569f-432e-bb62-eef558ab5b10/force-1-mid-le-baby-toddler-shoes-KrZ0T8.png,46.97,True,Baby/Toddler Shoes,False
13987389,Nike Force 1 LV8,https://static.nike.com/a/images/t_default/87e2853b-b67f-41ab-a2af-37e66323ea00/force-1-lv8-little-kids-shoes-nNhkfk.png,43.97,True,Little Kids' Shoes,False
1011906422,Nike Air Force 1 Low Retro,https://static.nike.com/a/images/t_default/e6eb0b94-087b-43c7-b36b-08b5ec053355/air-force-1-low-retro-mens-shoes-KZhTqR.png,150.0,True,Men's Shoes,False
13828970,Nike Air Force 1 '07 LV8,https://static.nike.com/a/images/t_default/567bf2af-9297-43d2-ba3c-01f9ffa43ce1/air-force-1-07-lv8-mens-shoes-bJ9070.png,92.97,True,Men's Shoes,False
1009406320,Nike Air Force 1 Low By You,https://static.nike.com/a/images/t_default/1defaebe-cdc7-49ec-8530-acd53889a052/hispl-quxm-tvxus.png,130.0,True,Custom Men's Shoes,False
13987335,Nike Air Force 1 '07 LV8,https://static.nike.com/a/images/t_default/e7bba277-0bff-4550-a67b-a0061c0d05e7/air-force-1-07-lv8-mens-shoes-863lmJ.png,96.97,True,Men's Shoes,False
1012371815,Nike Force 1 Low,https://static.nike.com/a/images/t_default/d574bbfb-afe8-4333-8e74-651a9eeeac00/force-1-low-baby-toddler-shoes-dC0xmX.png,55.0,True,Baby/Toddler Shoes,False
1012394467,Nike Force 1,https://static.nike.com/a/images/t_default/7a94a0be-cb0e-4f00-8f95-9f2f2a38edbd/force-1-baby-crib-booties-xcWs5X.png,45.0,True,Baby Crib Booties,False
1011845554,Nike Force 1 LV8,https://static.nike.com/a/images/t_default/2f5e8dc0-43bc-461f-b717-e8c157695885/force-1-lv8-little-kids-shoes-FwvWjF.png,68.97,True,Little Kids' Shoes,False
1009157876,Nike Force 1 LV8,https://static.nike.com/a/images/t_default/e8a24858-aba2-4e48-8291-288d51b5670c/force-1-lv8-little-kids-shoes-L3Gs3j.png,68.97,True,Little Kids' Shoes,False
14088683,Nike Air Force 1 Mid '07 LX,https://static.nike.com/a/images/t_default/4c841355-ed4b-4a01-a7ec-7e64cc6321f9/air-force-1-mid-07-lx-mens-shoes-RsLHNb.png,82.97,True,Men's Shoes,False
14115946,Nike Air Force 1 '07 LV8,https://static.nike.com/a/images/t_default/437c3f97-a508-4aaa-b7ce-aab11cf2a45a/air-force-1-07-lv8-mens-shoes-khpfrj.png,97.97,True,Men's Shoes,False
14243613,Nike Lunar Force 1,https://static.nike.com/a/images/t_default/0ca943b5-2488-4aa4-b980-cd4179ae2d3f/lunar-force-1-mens-duckboot-tTZklH.png,144.97,True,Men's Duckboot,False
12564490,Nike Air Force 1 Lover XX Premium,https://static.nike.com/a/images/t_default/dei2swwmdjcy76wntoct/air-force-1-lover-xx-premium-womens-shoes-j4B5P5.png,91.97,True,Women's Shoes,False
14287939,Nike Air Force 1 Mid React,https://static.nike.com/a/images/t_default/df521b78-9b58-44e5-8bda-5211ccb61c1d/air-force-1-mid-react-mens-shoes-mRp9m4.png,101.97,True,Men's Shoes,False
1011847357,Nike Air Force 1 Mid By You,https://static.nike.com/a/images/t_default/85dc2a31-bf8b-4b97-a46e-f108fceed3f4/custom-nike-air-force-1-mid-by-you-shoes.png,140.0,True,Women's Custom Shoes,False
13146438,Nike Force 1 Mid LE,https://static.nike.com/a/images/t_default/3a8a706b-e973-4b66-b281-6c7a8dfa6bfa/force-1-mid-le-little-kids-shoe-bh88L1.png,72.97,True,Little Kids' Shoe,False
1007529028,Nike Air Force 1 Low x Premium Goods,https://static.nike.com/a/images/t_default/9b112da7-e7c2-4364-977e-1f19f8aa929b/air-force-1-low-x-premium-goods-womens-shoes-pShMNj.png,150.0,True,Women's Shoes,False
14154855,Nike Force 1 LV8,https://static.nike.com/a/images/t_default/b9073d0e-f49b-43bf-beb0-8085f19837d5/force-1-lv8-little-kids-shoes-90gD69.png,63.97,True,Little Kids' Shoes,False
12356817,Nike Force 1 LV8 Utility,https://static.nike.com/a/images/t_default/g8lyy2ys96o1llnb6ijx/force-1-lv8-utility-infant-toddler-shoes-RdXnT1.png,46.97,True,Infant/Toddler Shoes,False
13380175,Nike Air Force 1 Crater FlyKnit,https://static.nike.com/a/images/t_default/e25afafb-53e5-4640-bb03-ac2e135fee65/air-force-1-crater-flyknit-mens-shoes-k3Jwmd.png,77.97,False,Men's Shoes,False
14096197,Nike Air Force 1 LV8,https://static.nike.com/a/images/t_default/8482e6fb-0279-4ca7-8120-08210be39584/air-force-1-lv8-big-kids-shoes-jgTnLK.png,72.97,False,Big Kids' Shoes,False
1011876291,Nike Air Force 1 LV8,https://static.nike.com/a/images/t_default/e6a1cb69-6b6a-422f-90ac-4ad4f1e7015f/air-force-1-lv8-big-kids-shoes-bGNdjh.png,62.97,True,Big Kids' Shoes,False
1010052465,Nike Air Force 1 '07 LX NBHD,https://static.nike.com/a/images/t_default/9045ab13-2829-406c-9bb0-dae02c52aa2e/air-force-1-07-lx-nbhd-mens-shoes-qnMX3r.png,140.0,True,Men's Shoes,False
14096122,Nike Force 1 LV8,https://static.nike.com/a/images/t_default/5ddccca0-f037-4de6-b68a-673665444303/force-1-lv8-little-kids-shoes-c3ZHm1.png,63.97,False,Little Kids' Shoes,False
14244618,Nike Air Force 1 '07 LV8,https://static.nike.com/a/images/t_default/932f1486-1063-4744-b2a8-196ca27ada57/air-force-1-07-lv8-mens-shoes-NCHHsv.png,110.97,False,Men's Shoes,False
14083930,Nike Air Force 1 Sculpt,https://static.nike.com/a/images/t_default/9007e110-ab61-42de-a672-878d4f076a1e/air-force-1-sculpt-womens-shoes-GKwftK.png,70.97,True,Women's Shoes,False
13012036,Nike Air Force 1 GTX,https://static.nike.com/a/images/t_default/1b1b09a2-cb46-487c-9882-38dc63661db6/air-force-1-gtx-mens-shoes-MXf3Lm.png,109.97,True,Men's Shoes,False
13844916,Nike Air Force 1 Crater Next Nature,https://static.nike.com/a/images/t_default/40cda7df-1d0a-443f-8e59-6924e6c1ec91/air-force-1-crater-next-nature-big-kids-shoes-m64P5f.png,66.97,True,Big Kids' Shoes,False
1009157877,Nike Air Force 1 LV8,https://static.nike.com/a/images/t_default/1b0af978-86fa-49a4-90ca-f6540c1a1932/air-force-1-lv8-big-kids-shoes-5D3Vm7.png,71.97,True,Big Kids' Shoes,False
1009356266,Nike Air Force 1 High By You,https://static.nike.com/a/images/t_default/b946fbec-c136-478d-af78-9c3a2ababb24/custom-nike-air-force-1-high-by-you-shoes.png,145.0,True,Men's Custom Shoes,False
14087013,Nike Air Force 1 Low SP x UNDERCOVER,https://static.nike.com/a/images/t_default/9c2a49c7-fb77-4f5e-b9fb-9aca34c05d8c/air-force-1-low-sp-x-undercover-mens-shoes-6M1qZM.png,82.97,True,Men's Shoes,False
14079856,Nike Air Force 1 Crater,https://static.nike.com/a/images/t_default/fb304aa0-a60f-43de-8206-e3f38c2022e2/air-force-1-crater-big-kids-shoes-4H7P2T.png,61.97,True,Big Kids' Shoes,False
1010058168,Nike Air Force 1 Mid '07 LX NBHD,https://static.nike.com/a/images/t_default/f862e5e4-8de3-4b24-8456-c7d6dd0d6cea/air-force-1-mid-07-lx-nbhd-mens-shoes-CvfbLv.png,140.0,True,Men's Shoes,False
13830025,Nike Air Force 1 High '07 LX,https://static.nike.com/a/images/t_default/6f950390-c74c-41dd-90c6-9fae9c6adbdf/air-force-1-high-07-lx-mens-shoes-wTttNP.png,87.97,False,Men's Shoes,False
1010245218,Nike Force 1 Low ASW,https://static.nike.com/a/images/t_default/a2228b2e-c949-4fd4-bb2d-675f1de5dd6e/force-1-low-asw-baby-toddler-shoes-JZHS2N.png,46.97,False,Baby/Toddler Shoes,False
1011995525,Nike Air Force 1 '07 LV8,https://static.nike.com/a/images/t_default/300037f5-c3d4-48a8-b6e2-a058d80fb2c9/air-force-1-07-lv8-shoes-3vWcC9.png,130.0,True,Shoes,False
13828346,Nike Air Force 1 Crater Next Nature,https://static.nike.com/a/images/t_default/1d376f0f-84e5-48d4-95ba-9229b3564c57/air-force-1-crater-next-nature-mens-shoes-qQcPmh.png,92.97,False,Men's Shoes,False
1010051610,Nike Air Force 1 '07 LV8,https://static.nike.com/a/images/t_default/6b5d2ac2-2fb5-4cda-8bab-396e566ff350/air-force-1-07-lv8-mens-shoes-FVc98t.png,103.97,True,Men's Shoes,False
1011852740,Nike Air Force 1 Low Retro,https://static.nike.com/a/images/t_default/9ade626a-79c9-4544-8237-907bcc65fdba/air-force-1-low-retro-mens-shoes-53gMmt.png,130.0,True,Men's Shoes,False
13933026,Nike Air Force 1 '07,https://static.nike.com/a/images/t_default/c034b2e4-9553-4adf-a230-842c72b0f6c3/air-force-1-07-mens-shoes-rQwP37.png,77.97,False,Men's Shoes,False
1010048666,Nike Air Force 1 '07 LV8,https://static.nike.com/a/images/t_default/868c8a9c-8ce3-4643-8cae-5465b82ff760/air-force-1-07-lv8-mens-shoes-7bCM7s.png,103.97,True,Men's Shoes,False
14114116,Nike Air Force 1 '07 LV8,https://static.nike.com/a/images/t_default/76fe3c97-370e-4fe5-9db2-f65fad2c6459/air-force-1-07-lv8-mens-shoes-fdMgJn.png,91.97,False,Men's Shoes,False
13935809,Nike Air Force 1 Crater Flyknit Next Nature,https://static.nike.com/a/images/t_default/77f68642-05b2-44ed-96a9-0916ce18391f/air-force-1-crater-flyknit-next-nature-mens-shoes-bHdNmN.png,130.0,True,Men's Shoes,False
1009351715,Nike Air Force 1 High By You,https://static.nike.com/a/images/t_default/5cc11893-4988-48fb-967b-97e740b07427/custom-nike-air-force-1-high-by-you-shoes.png,145.0,True,Women's Custom Shoes,False
14096202,Nike Air Force 1 LV8,https://static.nike.com/a/images/t_default/eae3b0fa-2174-4151-9e2e-db630872af23/air-force-1-lv8-big-kids-shoes-BktXWT.png,64.97,True,Big Kids' Shoes,False
14021633,Nike Force 1 Premium,https://static.nike.com/a/images/t_default/bc72e81d-ef84-4779-822b-9b0811d55e7c/force-1-premium-little-kids-shoes-xdwRN3.png,70.0,True,Little Kids' Shoes,False
1009173258,Nike Air Force 1 LV8,https://static.nike.com/a/images/t_default/c16de447-1234-43b4-be2e-8f60a140b12d/air-force-1-lv8-big-kids-shoes-HPbjCf.png,105.0,True,Big Kids' Shoes,False
14155007,Nike Air Force 1 LV8,https://static.nike.com/a/images/t_default/5660aba1-a88f-49af-891d-35f4140a6f5e/air-force-1-lv8-big-kids-shoes-TQgsq8.png,80.97,True,Big Kids' Shoes,False
13988360,Nike Air Force 1 High '07 Premium,https://static.nike.com/a/images/t_default/d4a22b50-7d9b-44b8-b0da-7e887deb96bd/air-force-1-high-07-premium-mens-shoes-TkSFdV.png,108.97,True,Men's Shoes,False
14084300,Nike Air Force 1 '07 LV8,https://static.nike.com/a/images/t_default/b9ea220f-091f-498a-906a-7422c3cbf548/air-force-1-07-lv8-mens-shoes-VDStVQ.png,130.0,True,Men's Shoes,False
14155001,Nike Force 1 LV8,https://static.nike.com/a/images/t_default/59e35d48-107b-4229-95cb-ddcfa3fd09c6/force-1-lv8-baby-toddler-shoes-SgGFRG.png,51.97,True,Baby/Toddler Shoes,False
12974853,Nike Air Force 1 '07,https://static.nike.com/a/images/t_default/52cbb0a5-241b-4f5c-9927-45a5051365cf/air-force-1-07-mens-shoes-pbNjLd.png,110.0,True,Men's Shoes,False
14096145,Nike Force 1 Toggle SE,https://static.nike.com/a/images/t_default/f375b6d3-ac95-4ba4-9c37-a9095950a0b7/force-1-toggle-se-little-kids-shoes-QWkfJL.png,63.97,True,Little Kids' Shoes,False
14096116,Nike Force 1,https://static.nike.com/a/images/t_default/2332a5ef-15a5-4427-a29f-9a9cd0fd888d/force-1-little-kids-shoes-1nKpLk.png,53.97,True,Little Kids' Shoes,False
1010058183,Nike Air Force 1 '07 LX,https://static.nike.com/a/images/t_default/87add9a0-7e3a-4649-b713-e87c8390abb2/air-force-1-07-lx-womens-shoes.png,130.0,False,Women's Shoes,False
1012689986,Nike Air Force 1 Low Unlocked By You,https://static.nike.com/a/images/t_default/05e67b6e-a9a7-4c4e-bb75-4aa5429aadb7/custom-air-force-1-low-unlocked-by-you.png,150.0,True,Custom Men's Shoes,False
1011839520,Nike Air Force 1 LV8,https://static.nike.com/a/images/t_default/14f3a696-3ca1-4b36-b5a7-05fbedf21cd0/air-force-1-lv8-big-kids-shoes-3f2DJj.png,62.97,True,Big Kids' Shoes,False
1010176794,Nike Air Force 1 Low Retro,https://static.nike.com/a/images/t_default/c872539d-b89d-4c8b-9896-ed5b6455b64a/air-force-1-low-retro-mens-shoes-1VHstQ.png,150.0,True,Men's Shoes,False
14096166,Nike Force 1,https://static.nike.com/a/images/t_default/1a66828a-58d8-47c0-b911-cc4d427a603b/force-1-baby-toddler-shoes-FvHkdR.png,42.97,True,Baby/Toddler Shoes,False
13844893,Nike Force 1 Next Nature,https://static.nike.com/a/images/t_default/c68a6323-ce8c-46da-bc35-fc8a53b176a3/force-1-next-nature-little-kids-shoes-JcTTHt.png,67.97,True,Little Kids' Shoes,False
1009173238,Nike Air Force 1 '07 Premium,https://static.nike.com/a/images/t_default/a9b6d2b3-5612-4c96-9eba-b62c817fffc0/air-force-1-07-premium-mens-shoes-S9NNTv.png,150.0,True,Men's Shoes,False
12726078,Nike Force 1 Crib,https://static.nike.com/a/images/t_default/ehmxbh09gioulq4omksm/force-1-crib-baby-bootie-clk354.png,45.0,True,Baby Bootie,False
1011845472,Nike Air Force 1 LV8,https://static.nike.com/a/images/t_default/28ef8b03-5519-4ab6-b501-40ad3dbb196b/air-force-1-lv8-big-kids-shoes-kbd5wR.png,62.97,True,Big Kids' Shoes,False
14114156,Nike Air Force 1 Mid '07 Premium,https://static.nike.com/a/images/t_default/e1b80be6-fce8-4f2f-820e-fad7dd1a1272/air-force-1-mid-07-premium-mens-shoes-6HzNcj.png,92.97,True,Men's Shoes,False
1010166315,Nike Force 1 Low SE,https://static.nike.com/a/images/t_default/f59a7d70-fb30-45ab-a308-259284925314/force-1-low-se-baby-toddler-shoes-4xvCm9.png,42.97,True,Baby/Toddler Shoes,False
1011819971,Nike Air Force 1 Next Nature,https://static.nike.com/a/images/t_default/fec20495-8906-4099-b9c2-55f9bb08450f/air-force-1-next-nature-big-kids-shoes-NvdqCW.png,62.97,True,Big Kids' Shoes,False
1000197445,Nike Air Force 1 Mid '07,https://static.nike.com/a/images/t_default/f2f5ab29-36fb-48c7-81d9-50baa654b2b9/air-force-1-mid-07-mens-shoes-CmXM62.png,102.97,True,Men's Shoes,False
1011845474,Nike Air Force 1 LV8,https://static.nike.com/a/images/t_default/85359e16-f5d4-4f24-9627-34fe3649f8ec/air-force-1-lv8-big-kids-shoes-47knZ6.png,100.0,True,Big Kids' Shoes,False
1010127879,Nike Force 1 Low SE,https://static.nike.com/a/images/t_default/9980f387-683d-42d0-9123-38e4e61722f2/force-1-low-se-baby-toddler-shoes-VRxjwQ.png,60.0,True,Baby/Toddler Shoes,False
13144169,Nike Air Force 1 High LE,https://static.nike.com/a/images/t_default/5289a6ba-4eca-4b93-908a-a5360100871c/air-force-1-high-le-big-kids-shoes-81vt1b.png,71.97,True,Big Kids' Shoes,False
1010055968,Nike Air Force 1 '07 LX,https://static.nike.com/a/images/t_default/52534247-1fb4-49e2-9195-9f4678c22d59/air-force-1-07-lx-mens-shoes-kgJBLz.png,140.0,True,Men's Shoes,False
14096178,Nike Air Force 1,https://static.nike.com/a/images/t_default/6347db41-c21c-4deb-8cc7-54bd8c22f41f/air-force-1-big-kids-shoes-T7nXM6.png,76.97,True,Big Kids' Shoes,False
1010125411,Nike Air Force 1,https://static.nike.com/a/images/t_default/776b4fdb-49ba-48ab-8cd8-255c28441198/air-force-1-big-kids-shoes-xw5kjz.png,58.97,True,Big Kids' Shoes,False
14263226,Nike Force 1 LV8,https://static.nike.com/a/images/t_default/27f5e849-bc66-4bb9-b449-581087bc6053/force-1-lv8-toddler-shoes-Lw8Lbx.png,50.97,True,Toddler Shoes,False
14263487,Nike Air Force 1 Low Premium Houston,https://static.nike.com/a/images/t_default/72cb6722-1ff1-455f-b2ee-0617ffe8c87c/air-force-1-low-premium-houston-mens-shoes-GvGJKN.png,75.97,True,Men's Shoes,False
1009157878,Nike Force 1 LV8,https://static.nike.com/a/images/t_default/1233dc0a-257f-4c0c-a0c8-f329334aa4a0/force-1-lv8-baby-toddler-shoes-BVRlLv.png,49.97,True,Baby/Toddler Shoes,False
13976081,Nike Force 1 Toggle,https://static.nike.com/a/images/t_default/077f0768-d34c-4df1-ab62-4c736d85c425/force-1-toggle-baby-toddler-shoes-hGm7GB.png,44.97,True,Baby/Toddler Shoes,False
12724982,Nike Force 1 LV8 3,https://static.nike.com/a/images/t_default/pbjfufrakqr8wpizpq37/force-1-lv8-3-little-kids-shoes-TLWL7v.png,47.97,True,Little Kids' Shoes,False
14266168,Nike Air Force 1 '07 LV8,https://static.nike.com/a/images/t_default/18734018-620a-4d31-bebf-eeeaa7e3cc76/air-force-1-07-lv8-mens-shoes-M866WJ.png,90.97,False,Men's Shoes,False
1010132306,Nike Air Force 1 Mid '07,https://static.nike.com/a/images/t_default/023fdd46-0de7-43cf-94af-e7e093cf968f/air-force-1-mid-07-mens-shoes-rJwpc6.png,128.97,True,Men's Shoes,False
1007401343,Nike Force 1,https://static.nike.com/a/images/t_default/02bafcec-7bce-481d-b36c-50091804b4c9/force-1-little-kids-shoes-0fjJmj.png,54.97,True,Little Kids' Shoes,False
1000460275,Nike Air Force 1 High '07 LV8,https://static.nike.com/a/images/t_default/3727d0f9-a6d1-4ee9-993c-9aac2fd0b65b/air-force-1-high-07-lv8-mens-shoes-lR6frj.png,104.97,True,Men's Shoes,False
1010132732,Nike Force 1 Low SE,https://static.nike.com/a/images/t_default/8c9c6eda-c79a-4866-9caa-e24360603327/force-1-low-se-baby-toddler-shoes-7RNdwm.png,42.97,True,Baby/Toddler Shoes,False
14244114,Nike Air Force 1 Mid '07 LV8,https://static.nike.com/a/images/t_default/bebd64a4-1346-4f89-83b1-4708a6c0c6c5/air-force-1-mid-07-lv8-mens-shoes-vSC6zC.png,119.97,False,Men's Shoes,False
1011845456,Nike Force 1 LV8,https://static.nike.com/a/images/t_default/79050cac-e418-4704-9c19-900239ce308c/force-1-lv8-baby-toddler-shoes-rGHNkl.png,65.0,True,Baby/Toddler Shoes,False
1009174604,Nike Air Force 1 Impact Next Nature,https://static.nike.com/a/images/t_default/fadc6410-f705-4e63-88f4-3cc9da41eb13/air-force-1-impact-next-nature-big-kids-shoes-617Rzw.png,80.97,True,Big Kids' Shoes,False
1012584829,Nike Air Force 1,https://static.nike.com/a/images/t_default/07c64825-abdf-4aa6-a1d8-f6e3186dff40/air-force-1-big-kids-shoes-lTcPjk.png,90.0,True,Big Kids' Shoes,True
1011876292,Nike Force 1 LV8,https://static.nike.com/a/images/t_default/fa86d330-d2bb-4781-b27a-20ea70d7d9f3/force-1-lv8-little-kids-shoes-pffsZV.png,67.97,True,Little Kids' Shoes,False
13130487,Nike Force 1 LE,https://static.nike.com/a/images/t_default/9386d0f0-65a0-47a5-bce2-e14ebb8c5caa/force-1-le-baby-toddler-shoe-8WvsS7.png,55.0,True,Baby/Toddler Shoe,False
1011843086,Nike J Force 1 Low LX SP,https://static.nike.com/a/images/t_default/88ef98c4-3b86-4973-924f-66580025026f/j-force-1-low-lx-sp-womens-shoes-mj8RZW.png,170.0,True,Women's Shoes,False
14234842,Nike Air Force 1 '07 SE,https://static.nike.com/a/images/t_default/3e5fbe25-a732-4a52-b719-d3b37f2b5149/air-force-1-07-se-womens-shoes-bt2vW8.png,84.97,True,Women's Shoes,False
1011845682,Nike Air Force 1 Low Premium,https://static.nike.com/a/images/t_default/e5b32370-789f-40d7-bdbe-1ec71d7b7618/air-force-1-low-premium-mens-shoes-5pqGTW.png,150.0,True,Men's Shoes,False
1011845682,Nike Air Force 1 Low Premium,https://static.nike.com/a/images/t_default/e5b32370-789f-40d7-bdbe-1ec71d7b7618/air-force-1-low-premium-mens-shoes-5pqGTW.png,150.0,True,Men's Shoes,False
1010126406,"Nike Air Force 1 '07 ""ATL""",https://static.nike.com/a/images/t_default/938e795c-91e1-4c18-99a1-24b9298fc222/air-force-1-07-atl-mens-shoes-BvGcPl.png,130.0,True,Men's Shoes,False
1007401340,Nike Air Force 1 LV8 2,https://static.nike.com/a/images/t_default/e0826b2d-a48c-420e-a0e3-fb6b64d1a7af/air-force-1-lv8-2-big-kids-shoes-Gzh0wT.png,80.97,True,Big Kids' Shoes,False
1010170761,Nike Force 1 LV8 2,https://static.nike.com/a/images/t_default/d4287483-b80e-4fb0-b8b1-5b87b922a79c/force-1-lv8-2-little-kids-shoes-T152dT.png,40.97,True,Little Kids' Shoes,False
14096093,Nike Force 1 LV8 2,https://static.nike.com/a/images/t_default/8978bb25-2339-4858-9648-71b1c91fbbd1/force-1-lv8-2-little-kids-shoes-NXlGvc.png,61.97,True,Little Kids' Shoes,False
13976276,Nike Air Force 1 LV8,https://static.nike.com/a/images/t_default/c40589d5-267b-4e7c-ba82-fc21b0894343/air-force-1-lv8-big-kids-shoes-Gc3DvB.png,65.97,True,Big Kids' Shoes,False
1008590785,Nike Air Force 1 High,https://static.nike.com/a/images/t_default/b60c84ba-045f-43a3-8dc4-1fb2afd79eda/air-force-1-high-big-kids-shoes-FWPQFN.png,72.97,True,Big Kids' Shoes,False
13846183,Nike Air Force 1 LV8,https://static.nike.com/a/images/t_default/a14d314c-5e95-4def-b240-06299d190f68/air-force-1-lv8-big-kids-shoes-1jq1pP.png,70.97,True,Big Kids' Shoes,False
12356740,Nike Force 1 LV8 Utility,https://static.nike.com/a/images/t_default/izwvklkcy8fi2l8044jm/force-1-lv8-utility-little-kids-shoes-gbShdP.png,70.0,False,Little Kids' Shoes,False
1010165182,Nike Force 1 Low SE,https://static.nike.com/a/images/t_default/5b6fee2d-79a4-4747-a6fe-59195aaef16f/force-1-low-se-little-kids-shoes-cXL65x.png,51.97,True,Little Kids' Shoes,False
1012399268,Nike Force 1 LV8,https://static.nike.com/a/images/t_default/4b4b65c5-918b-4f61-bb3c-ea2a772ff434/force-1-lv8-little-kids-shoes-f9Q9LM.png,75.0,True,Little Kids' Shoes,True
13936303,Nike Air Force 1 Mid '07 LV8 Next Nature,https://static.nike.com/a/images/t_default/645d1513-b244-4d3c-91f0-c18274c8a383/air-force-1-mid-07-lv8-next-nature-mens-shoes-Jcp9G6.png,110.97,True,Men's Shoes,False
1012405502,Nike Air Force 1 LV8 2,https://static.nike.com/a/images/t_default/acd8e1d7-74c0-4ebd-b040-60b735ba1cb0/air-force-1-lv8-2-big-kids-shoes-2W05Kh.png,95.0,True,Big Kids' Shoes,True
14096021,Nike Force 1 Crater Next Nature,https://static.nike.com/a/images/t_default/4aa860ff-a43b-4950-8dee-eb0e82199cce/force-1-crater-next-nature-baby-toddler-shoes-QcGLbZ.png,45.97,True,Baby/Toddler Shoes,False
13889795,Nike Air Force 1 LV8,https://static.nike.com/a/images/t_default/987534c9-1cfd-4922-a25c-8f436e440e1b/air-force-1-lv8-big-kids-shoes-zwgNJc.png,95.0,True,Big Kids' Shoes,False
1011839533,Nike Air Force 1 â€™07 LX,https://static.nike.com/a/images/t_default/e2616858-d1ca-43cd-8e23-2cee7dedbe58/air-force-1-07-lx-womens-shoes-VVL5B1.png,130.0,True,Women's Shoes,False
1010123410,Nike Force 1 LV8,https://static.nike.com/a/images/t_default/236a66a2-2c4e-4aa1-a9c9-73ff49f3defd/force-1-lv8-little-kids-shoes-ZXqGPm.png,80.0,True,Little Kids' Shoes,False
1012403739,Nike Force 1 LV8 2,https://static.nike.com/a/images/t_default/09396741-0b4a-46fc-a941-44e4a645f96d/force-1-lv8-2-baby-toddler-shoes-v3sxN8.png,60.0,True,Baby/Toddler Shoes,True
14188265,Nike Air Force 1 Mid '07 QS,https://static.nike.com/a/images/t_default/e2f91c8b-30cb-4c35-909f-913f36359411/air-force-1-mid-07-qs-mens-shoes-plNt2Q.png,75.97,True,Men's Shoes,False
13987409,Nike Air Force 1 LV8,https://static.nike.com/a/images/t_default/2fc415f8-b568-4829-bc64-5fb59a6b34a6/air-force-1-lv8-big-kids-shoes-CjNRqd.png,58.97,True,Big Kids' Shoes,False
1007401289,Nike Force 1 LV8 2,https://static.nike.com/a/images/t_default/d280e9a2-95a6-428a-82bc-e1fb21e00128/force-1-lv8-2-baby-toddler-shoes-9GdPZ4.png,51.97,True,Baby/Toddler Shoes,False
1010246509,Nike Force 1 Low SE,https://static.nike.com/a/images/t_default/9e492201-c34c-408e-be66-93f74036e282/force-1-low-se-baby-toddler-shoes-W6wk8p.png,42.97,True,Baby/Toddler Shoes,False
14096193,Nike Force 1 Toggle SE,https://static.nike.com/a/images/t_default/effd55ca-ffec-49bf-b1f8-5854f947f374/force-1-toggle-se-baby-toddler-shoes-cDGRRZ.png,41.97,True,Baby/Toddler Shoes,False
1010168265,Nike Force 1 LV8 2,https://static.nike.com/a/images/t_default/c41d06ea-b585-4853-9cec-59c4e2e147b3/force-1-lv8-2-baby-toddler-shoes-1wH8bC.png,37.97,True,Baby/Toddler Shoes,False
1011839522,Nike Air Force 1 LV8,https://static.nike.com/a/images/t_default/8112b8a3-a5fc-443e-9336-b78d7b2db1d6/air-force-1-lv8-big-kids-shoes-PNbgfR.png,64.97,True,Big Kids' Shoes,False
13976343,Nike Air Force 1 LV8 Next Nature,https://static.nike.com/a/images/t_default/c52885f2-3b48-4da1-a618-2a2492aa40bb/air-force-1-lv8-next-nature-big-kids-shoes-rlM12h.png,62.97,False,Big Kids' Shoes,False
1011876290,Nike Force 1 LV8,https://static.nike.com/a/images/t_default/3e7f96ac-6cb1-437d-be6c-52dcba1f5ba3/force-1-lv8-baby-toddler-shoes-fKJb5k.png,45.97,True,Baby/Toddler Shoes,False
14154962,Nike Air Force 1 '07 LV8,https://static.nike.com/a/images/t_default/94bdb62d-c296-4d6a-ae6b-c54dfe2b4acf/air-force-1-07-lv8-mens-shoes-1C4L8V.png,103.97,True,Men's Shoes,False
14206463,Nike Air Force 1 x Serena Williams Design Crew,https://static.nike.com/a/images/t_default/18378681-1d83-4d5f-bb34-93982e63bbf8/air-force-1-x-serena-williams-design-crew-shoes-XH4MP1.png,98.97,True,Shoes,False
13976430,Nike Force 1 LV8,https://static.nike.com/a/images/t_default/ba509d88-d574-4bb1-98b3-3df18a40a70c/force-1-lv8-baby-toddler-shoes-z87llH.png,37.97,True,Baby/Toddler Shoes,False
